,sincerity,fairness,greed_avoidance,modesty,honesty_humility,fearfulness,anxiety,dependence,sentimentality,emotionality,social_self_esteem,social_boldness,sociability,liveliness,extraversion,forgiveness,gentleness,flexibility,patience,agreeableness,organization,diligence,perfectionism,prudence,conscientiousness,aesthetic_appreciation,inquisitiveness,creativity,unconventionality,openness_to_experience
0,3.4435564435564436,4.161505161505161,3.092907092907093,3.2832167832167833,3.137862137862138,2.5677655677655675,2.98001998001998,2.9515484515484514,3.3433233433233434,2.7336663336663336,3.675324675324675,3.0346320346320343,2.8266733266733266,3.712787212787213,2.717182817182817,3.131868131868132,3.044289044289044,3.145188145188145,3.1963036963036964,2.9545454545454546,3.402097902097902,3.4925074925074924,3.42057942057942,3.213453213453213,2.917782217782218,3.3976023976023977,3.4355644355644355,3.1824841824841825,3.4445554445554443,2.82007992007992
