,Unnamed: 0,openness_to_experience,honesty_humility,extraversion,emotionality,agreeableness,conscientiousness
Unnamed: 0,1.0,0.0571645733748237,0.24099691695992695,-0.1478276469178684,0.016826122470606907,0.08763446946315329,-0.1643941563024783
openness_to_experience,0.0571645733748237,1.0,0.2768855165507842,-0.058059310687495716,0.06194956163288099,-0.1274690894582152,-0.07737325601352794
honesty_humility,0.24099691695992695,0.2768855165507842,1.0,-0.12390077971586853,-0.05260268582316162,0.08687311484649154,-0.09927598648030077
extraversion,-0.1478276469178684,-0.058059310687495716,-0.12390077971586853,1.0,-0.011900997735444447,-0.17473193075510768,0.04243693008966686
emotionality,0.016826122470606907,0.06194956163288099,-0.05260268582316162,-0.011900997735444447,1.0,0.1023295927684207,0.08788413543528172
agreeableness,0.08763446946315329,-0.1274690894582152,0.08687311484649154,-0.17473193075510768,0.1023295927684207,1.0,0.24365241190283263
conscientiousness,-0.1643941563024783,-0.07737325601352794,-0.09927598648030077,0.04243693008966686,0.08788413543528172,0.24365241190283263,1.0
