,Unnamed: 0,openness_to_experience,honesty_humility,extraversion,emotionality,agreeableness,conscientiousness
Unnamed: 0,1.0,-0.05263923389087539,0.19595500756861695,-0.13613726829036576,0.08691999080216661,-0.0800173412759052,0.10371181577344751
openness_to_experience,-0.05263923389087539,1.0,-0.2960000216604613,0.08055268706519755,0.05174606096370214,-0.07388224991067359,-0.07080601293714053
honesty_humility,0.19595500756861695,-0.2960000216604613,1.0,0.07474694665426801,-0.39058976448777355,0.18623546172057487,-0.01991991220687959
extraversion,-0.13613726829036576,0.08055268706519755,0.07474694665426801,1.0,-0.1872307690142115,0.05544084488632979,0.06824973215790936
emotionality,0.08691999080216661,0.05174606096370214,-0.39058976448777355,-0.1872307690142115,1.0,-0.25997072844124475,0.14867838833500568
agreeableness,-0.0800173412759052,-0.07388224991067359,0.18623546172057487,0.05544084488632979,-0.25997072844124475,1.0,-0.12255458510812141
conscientiousness,0.10371181577344751,-0.07080601293714053,-0.01991991220687959,0.06824973215790936,0.14867838833500568,-0.12255458510812141,1.0
