,Unnamed: 0,openness_to_experience,honesty_humility,extraversion,emotionality,agreeableness,conscientiousness
Unnamed: 0,1.0,0.33904490387072245,0.187459982409779,0.11302254527874134,0.01753306904609333,0.05240270652202168,0.059752833387152184
openness_to_experience,0.33904490387072245,1.0,-0.13417398102112946,0.08072359153025822,0.03310511992217102,0.17083519609224893,0.19579729874600285
honesty_humility,0.187459982409779,-0.13417398102112946,1.0,0.03895377547239231,-0.04676127417075906,-0.052113461091837336,-0.09828498513645342
extraversion,0.11302254527874134,0.08072359153025822,0.03895377547239231,1.0,0.17272311400971951,0.22665993366470233,-0.05739741233211363
emotionality,0.01753306904609333,0.03310511992217102,-0.04676127417075906,0.17272311400971951,1.0,-0.08123807038775631,-0.051650237470008485
agreeableness,0.05240270652202168,0.17083519609224893,-0.052113461091837336,0.22665993366470233,-0.08123807038775631,1.0,0.008537526814291483
conscientiousness,0.059752833387152184,0.19579729874600285,-0.09828498513645342,-0.05739741233211363,-0.051650237470008485,0.008537526814291483,1.0
