,openness_to_experience,honesty_humility,extraversion,emotionality,agreeableness,conscientiousness
openness_to_experience,1.0,-0.06014611881664566,-0.1226126176704385,0.059550723721298035,0.03409861561483574,-0.323635548852452
honesty_humility,-0.06014611881664566,1.0,-0.058361722510674056,0.33833828565525936,0.09597794804556187,-0.28883540580245676
extraversion,-0.1226126176704385,-0.058361722510674056,1.0,0.19726259137006816,0.1399834129482888,-0.22420218026044625
emotionality,0.059550723721298035,0.33833828565525936,0.19726259137006816,1.0,0.17407119769193563,-0.3087329079067709
agreeableness,0.03409861561483574,0.09597794804556187,0.1399834129482888,0.17407119769193563,1.0,-0.21649552644039438
conscientiousness,-0.323635548852452,-0.28883540580245676,-0.22420218026044625,-0.3087329079067709,-0.21649552644039438,1.0
