,openness_to_experience,honesty_humility,extraversion,emotionality,agreeableness,conscientiousness
openness_to_experience,1.0,0.027597111686558984,-0.030935736124216694,0.19339763554289244,0.1491384611898073,-0.1318657741446634
honesty_humility,0.027597111686558984,1.0,0.10436934396220152,0.10320472909111834,0.05117879901678512,0.01637819957760713
extraversion,-0.030935736124216694,0.10436934396220152,1.0,0.15601224171644515,-0.016537793898043985,0.13168053880528974
emotionality,0.19339763554289244,0.10320472909111834,0.15601224171644515,1.0,-0.09188589760349554,0.013618987532417533
agreeableness,0.1491384611898073,0.05117879901678512,-0.016537793898043985,-0.09188589760349554,1.0,0.19739700520936773
conscientiousness,-0.1318657741446634,0.01637819957760713,0.13168053880528974,0.013618987532417533,0.19739700520936773,1.0
