,openness_to_experience,honesty_humility,extraversion,emotionality,agreeableness,conscientiousness
openness_to_experience,1.0,0.0490290337845462,0.7596756567265347,-0.509524665365067,1.3474435003659404e-15,-0.5725025740766715
honesty_humility,0.0490290337845462,1.0,-0.17292861596651893,-0.36084391824351664,-0.49099025303098254,-0.4691574316284186
extraversion,0.7596756567265347,-0.17292861596651893,1.0,-0.5990422978731531,-0.40755007156655315,-0.07211621806391857
emotionality,-0.509524665365067,-0.36084391824351664,-0.5990422978731531,1.0,0.37796447300922625,0.5417363388859618
agreeableness,1.3474435003659404e-15,-0.49099025303098254,-0.40755007156655315,0.37796447300922625,1.0,-0.273009453115974
conscientiousness,-0.5725025740766715,-0.4691574316284186,-0.07211621806391857,0.5417363388859618,-0.273009453115974,1.0
