,openness_to_experience,honesty_humility,extraversion,emotionality,agreeableness,conscientiousness
openness_to_experience,1.0,0.140047579244141,0.039976101434878016,-0.14117811197651794,0.034433427314305286,-0.03387298804534886
honesty_humility,0.140047579244141,1.0,-0.08572377574111895,-0.09883466624224072,0.17107483168929558,-0.2578516617691452
extraversion,0.039976101434878016,-0.08572377574111895,1.0,-0.024742202300537423,-0.0790537601392215,0.16642404469434338
emotionality,-0.14117811197651794,-0.09883466624224072,-0.024742202300537423,1.0,0.2457949814183861,0.17090897123390825
agreeableness,0.034433427314305286,0.17107483168929558,-0.0790537601392215,0.2457949814183861,1.0,-0.12005222963496222
conscientiousness,-0.03387298804534886,-0.2578516617691452,0.16642404469434338,0.17090897123390825,-0.12005222963496222,1.0
