,Unnamed: 0,openness_to_experience,honesty_humility,extraversion,emotionality,agreeableness,conscientiousness
Unnamed: 0,1.0,0.032301206254786045,0.08245772857127817,0.08676670455877379,-0.0319223671306793,-0.10542127646208915,0.19701218327444842
openness_to_experience,0.032301206254786045,1.0,0.03289313046892762,0.05225492849405741,-0.04215918057904994,-0.14450881399952292,-0.09421968280085928
honesty_humility,0.08245772857127817,0.03289313046892762,1.0,-0.12385273776407718,-0.17061918122915265,-0.07010715625949365,0.06469890096564151
extraversion,0.08676670455877379,0.05225492849405741,-0.12385273776407718,1.0,0.010154741252619955,-0.0355080682016406,0.10929713967401146
emotionality,-0.0319223671306793,-0.04215918057904994,-0.17061918122915265,0.010154741252619955,1.0,-0.13174651115390437,-0.0009902661959495032
agreeableness,-0.10542127646208915,-0.14450881399952292,-0.07010715625949365,-0.0355080682016406,-0.13174651115390437,1.0,-0.18373220246654023
conscientiousness,0.19701218327444842,-0.09421968280085928,0.06469890096564151,0.10929713967401146,-0.0009902661959495032,-0.18373220246654023,1.0
