,openness_to_experience,honesty_humility,extraversion,emotionality,agreeableness,conscientiousness
openness_to_experience,1.0,-0.19174124721184183,0.12198750911856733,0.7071067811865466,-0.5198752449100368,0.6710943652414488
honesty_humility,-0.19174124721184183,1.0,-0.168408267427153,-0.5423261445466401,0.21929936127794414,-0.41176470588235264
extraversion,0.12198750911856733,-0.168408267427153,1.0,-1.496341157192809e-15,0.7483357769119656,0.776549233136312
emotionality,0.7071067811865466,-0.5423261445466401,-1.496341157192809e-15,1.0,-0.5514109665703556,0.40674460840997956
agreeableness,-0.5198752449100368,0.21929936127794414,0.7483357769119656,-0.5514109665703556,1.0,0.17942675013650292
conscientiousness,0.6710943652414488,-0.41176470588235264,0.776549233136312,0.40674460840997956,0.17942675013650292,1.0
