,Unnamed: 0,openness_to_experience,honesty_humility,extraversion,emotionality,agreeableness,conscientiousness
Unnamed: 0,1.0,-0.03362288682203616,0.10219758251043676,-0.03630993543761991,0.033508226387540224,0.03794552710731079,0.22117569364891088
openness_to_experience,-0.03362288682203616,1.0,-0.2844689394889205,0.34710710203426126,0.020250732655831553,-0.09981335758293632,-0.16882658816550855
honesty_humility,0.10219758251043676,-0.2844689394889205,1.0,0.03491792724963463,0.10629309356430182,-0.07633145090141126,-0.2855314047214112
extraversion,-0.03630993543761991,0.34710710203426126,0.03491792724963463,1.0,0.018151323613569487,-0.29391014495038253,-0.022924691585947534
emotionality,0.033508226387540224,0.020250732655831553,0.10629309356430182,0.018151323613569487,1.0,-0.0992794248712077,0.08491077196019445
agreeableness,0.03794552710731079,-0.09981335758293632,-0.07633145090141126,-0.29391014495038253,-0.0992794248712077,1.0,0.13211849604364445
conscientiousness,0.22117569364891088,-0.16882658816550855,-0.2855314047214112,-0.022924691585947534,0.08491077196019445,0.13211849604364445,1.0
