,openness_to_experience,honesty_humility,extraversion,emotionality,agreeableness,conscientiousness
openness_to_experience,1.0,-0.12178616261809395,0.08383769002332801,-0.06270707821707856,0.08262330318931979,0.04319932750879825
honesty_humility,-0.12178616261809395,1.0,0.11079008824681522,0.08147128615259329,0.10918529660157786,-0.007347854860322434
extraversion,0.08383769002332801,0.11079008824681522,1.0,0.07255020701694298,-0.03995622948698107,0.08036890256114428
emotionality,-0.06270707821707856,0.08147128615259329,0.07255020701694298,1.0,-0.10136242402358793,0.14048749607963906
agreeableness,0.08262330318931979,0.10918529660157786,-0.03995622948698107,-0.10136242402358793,1.0,-0.08033241614997542
conscientiousness,0.04319932750879825,-0.007347854860322434,0.08036890256114428,0.14048749607963906,-0.08033241614997542,1.0
