,openness_to_experience,honesty_humility,extraversion,emotionality,agreeableness,conscientiousness
openness_to_experience,1.0,-0.0756252765264619,0.11142303588781992,0.031172765790723755,0.07530996130375002,0.01883935212744391
honesty_humility,-0.0756252765264619,1.0,-0.04526362093945255,-0.01540014691893962,0.002840063516425708,-0.07331177508381524
extraversion,0.11142303588781992,-0.04526362093945255,1.0,-0.011634969113639053,0.14436652801567595,0.09972536989439305
emotionality,0.031172765790723755,-0.01540014691893962,-0.011634969113639053,1.0,-0.0579176852302871,0.0333516773574788
agreeableness,0.07530996130375002,0.002840063516425708,0.14436652801567595,-0.0579176852302871,1.0,0.112517825976972
conscientiousness,0.01883935212744391,-0.07331177508381524,0.09972536989439305,0.0333516773574788,0.112517825976972,1.0
