,Unnamed: 0,openness_to_experience,honesty_humility,extraversion,emotionality,agreeableness,conscientiousness
Unnamed: 0,1.0,0.04402672423539097,0.03337580161841646,0.1476833984256727,0.08785003532665413,0.041335097441706985,-0.22731807237696236
openness_to_experience,0.04402672423539097,1.0,-0.11566142630028531,0.09083926223249941,-0.06710487475060536,0.08576554795313629,0.05686229493675265
honesty_humility,0.03337580161841646,-0.11566142630028531,1.0,0.08822463891580959,0.08236833769026593,0.11151856759562674,-0.027696615822958723
extraversion,0.1476833984256727,0.09083926223249941,0.08822463891580959,1.0,0.08211457950073126,-0.034327664255672276,0.05927369933175309
emotionality,0.08785003532665413,-0.06710487475060536,0.08236833769026593,0.08211457950073126,1.0,-0.0286273096113108,0.115506469431161
agreeableness,0.041335097441706985,0.08576554795313629,0.11151856759562674,-0.034327664255672276,-0.0286273096113108,1.0,-0.12310904345497574
conscientiousness,-0.22731807237696236,0.05686229493675265,-0.027696615822958723,0.05927369933175309,0.115506469431161,-0.12310904345497574,1.0
