,Unnamed: 0,openness_to_experience,honesty_humility,extraversion,emotionality,agreeableness,conscientiousness
Unnamed: 0,1.0,-0.03744893695235758,-0.06668111811716237,0.15982626070692024,0.05975403202588337,0.16295149013539567,0.08096687668975075
openness_to_experience,-0.03744893695235758,1.0,0.028797757715301166,-0.018814742885070856,0.1906910625147495,0.16419406107933274,-0.1468213718864687
honesty_humility,-0.06668111811716237,0.028797757715301166,1.0,0.11977832204805626,0.09813099665684455,0.02360577805032085,-0.04850435970898651
extraversion,0.15982626070692024,-0.018814742885070856,0.11977832204805626,1.0,0.15833121326651614,-0.02078617586346522,0.13168053880528974
emotionality,0.05975403202588337,0.1906910625147495,0.09813099665684455,0.15833121326651614,1.0,-0.09114830849556889,0.0542966276696145
agreeableness,0.16295149013539567,0.16419406107933274,0.02360577805032085,-0.02078617586346522,-0.09114830849556889,1.0,0.16355497748653977
conscientiousness,0.08096687668975075,-0.1468213718864687,-0.04850435970898651,0.13168053880528974,0.0542966276696145,0.16355497748653977,1.0
