,openness_to_experience,honesty_humility,extraversion,emotionality,agreeableness,conscientiousness
openness_to_experience,1.0,0.030279671430622886,0.12315064642225237,0.024896905013258044,-0.08389646840575586,0.015421644812337645
honesty_humility,0.030279671430622886,1.0,-0.0643381491478783,-0.3108252512779369,-0.05749616704995779,0.11226285318333608
extraversion,0.12315064642225237,-0.0643381491478783,1.0,0.04171604043865753,-0.05551628918801719,0.18363543153198458
emotionality,0.024896905013258044,-0.3108252512779369,0.04171604043865753,1.0,0.005716482255923168,-0.05922376315684809
agreeableness,-0.08389646840575586,-0.05749616704995779,-0.05551628918801719,0.005716482255923168,1.0,-0.2399988691257309
conscientiousness,0.015421644812337645,0.11226285318333608,0.18363543153198458,-0.05922376315684809,-0.2399988691257309,1.0
