,Unnamed: 0,openness_to_experience,honesty_humility,extraversion,emotionality,agreeableness,conscientiousness
Unnamed: 0,1.0,0.0796507800305618,-0.0733248774548348,0.028804164336746704,-0.007728084291478368,-0.10392955721332069,-0.010878774570708573
openness_to_experience,0.0796507800305618,1.0,0.1013854105304517,-0.07293847402310437,0.14861102937949838,-0.14442424785809604,-0.057159404065525346
honesty_humility,-0.0733248774548348,0.1013854105304517,1.0,0.04560533938075607,-0.051886828530258194,0.05698028822982023,-0.014836403344027558
extraversion,0.028804164336746704,-0.07293847402310437,0.04560533938075607,1.0,0.07861636681594586,-0.12264555157833108,-0.04214095508554203
emotionality,-0.007728084291478368,0.14861102937949838,-0.051886828530258194,0.07861636681594586,1.0,3.336295736771175e-16,-0.09969090216308985
agreeableness,-0.10392955721332069,-0.14442424785809604,0.05698028822982023,-0.12264555157833108,3.336295736771175e-16,1.0,0.029588388859277177
conscientiousness,-0.010878774570708573,-0.057159404065525346,-0.014836403344027558,-0.04214095508554203,-0.09969090216308985,0.029588388859277177,1.0
