,Unnamed: 0,openness_to_experience,honesty_humility,extraversion,emotionality,agreeableness,conscientiousness
Unnamed: 0,1.0,-0.002100555129148954,0.1071955863173614,-0.07328947470314742,0.08904316051629865,0.12794526091576405,-0.08288374759861483
openness_to_experience,-0.002100555129148954,1.0,0.08954142488970451,-0.022736992385924755,-0.10886738805964419,-0.13019519757072676,0.03355551466014381
honesty_humility,0.1071955863173614,0.08954142488970451,1.0,-0.06193893027500756,-0.04365966151521241,0.18652608688341848,-0.13904770331044403
extraversion,-0.07328947470314742,-0.022736992385924755,-0.06193893027500756,1.0,-0.050082486060562405,-0.012501492269769513,0.18251052402098725
emotionality,0.08904316051629865,-0.10886738805964419,-0.04365966151521241,-0.050082486060562405,1.0,0.08898275257075625,0.13414259018065258
agreeableness,0.12794526091576405,-0.13019519757072676,0.18652608688341848,-0.012501492269769513,0.08898275257075625,1.0,-0.1169257358666905
conscientiousness,-0.08288374759861483,0.03355551466014381,-0.13904770331044403,0.18251052402098725,0.13414259018065258,-0.1169257358666905,1.0
