,openness_to_experience,honesty_humility,extraversion,emotionality,agreeableness,conscientiousness
openness_to_experience,1.0,0.08687640671802574,-0.05484274015627708,0.0898553675726757,-0.17144971178527174,-0.2132509566271921
honesty_humility,0.08687640671802574,1.0,-0.14737093057498613,-0.03641870930491655,0.09896239017500137,-0.09458409637409584
extraversion,-0.05484274015627708,-0.14737093057498613,1.0,-0.1796190770255272,-0.19653292014417123,0.01688701278595029
emotionality,0.0898553675726757,-0.03641870930491655,-0.1796190770255272,1.0,0.19230478952816374,0.1123202920554176
agreeableness,-0.17144971178527174,0.09896239017500137,-0.19653292014417123,0.19230478952816374,1.0,0.2683602833520666
conscientiousness,-0.2132509566271921,-0.09458409637409584,0.01688701278595029,0.1123202920554176,0.2683602833520666,1.0
