,openness_to_experience,honesty_humility,extraversion,emotionality,agreeableness,conscientiousness
openness_to_experience,1.0,-0.19350461866332144,-0.05965897956380615,0.14089399073527017,-0.055830088442208145,0.020558557070187448
honesty_humility,-0.19350461866332144,1.0,-0.06280343683928026,-0.05393458811685936,-0.016792210176898793,-0.04721921646498919
extraversion,-0.05965897956380615,-0.06280343683928026,1.0,0.23220447109755257,0.4708870581536364,0.13951466348269462
emotionality,0.14089399073527017,-0.05393458811685936,0.23220447109755257,1.0,0.12417238542738494,0.21651914191595864
agreeableness,-0.055830088442208145,-0.016792210176898793,0.4708870581536364,0.12417238542738494,1.0,0.11936975018515979
conscientiousness,0.020558557070187448,-0.04721921646498919,0.13951466348269462,0.21651914191595864,0.11936975018515979,1.0
