,Unnamed: 0,openness_to_experience,honesty_humility,extraversion,emotionality,agreeableness,conscientiousness
Unnamed: 0,1.0,-0.055222782916585694,0.18648506143169952,-0.1277798144854046,0.11302904138299959,0.16319547596222905,0.15308262193114602
openness_to_experience,-0.055222782916585694,1.0,-0.016141900858524984,-0.19378117349464685,-0.006809058320661803,-0.09558202446103033,-0.1090978174331991
honesty_humility,0.18648506143169952,-0.016141900858524984,1.0,-0.12645038292275282,0.17563910555584156,0.19913704914743913,0.17416405263922763
extraversion,-0.1277798144854046,-0.19378117349464685,-0.12645038292275282,1.0,0.18192867022591716,-0.05041653921905509,-0.13139783822521708
emotionality,0.11302904138299959,-0.006809058320661803,0.17563910555584156,0.18192867022591716,1.0,-0.003984445672355166,-0.022582499082943727
agreeableness,0.16319547596222905,-0.09558202446103033,0.19913704914743913,-0.05041653921905509,-0.003984445672355166,1.0,-0.0740533100982348
conscientiousness,0.15308262193114602,-0.1090978174331991,0.17416405263922763,-0.13139783822521708,-0.022582499082943727,-0.0740533100982348,1.0
