,openness_to_experience,honesty_humility,extraversion,emotionality,agreeableness,conscientiousness
openness_to_experience,1.0,0.09844017934707187,-0.07293847402310437,0.18669983072903473,-0.15533934995461962,-0.059629356799519966
honesty_humility,0.09844017934707187,1.0,0.04560533938075607,-0.04264202534819656,0.0577290757745966,-0.014721796623341159
extraversion,-0.07293847402310437,0.04560533938075607,1.0,0.07861636681594586,-0.12264555157833108,-0.04214095508554203
emotionality,0.18669983072903473,-0.04264202534819656,0.07861636681594586,1.0,-1.5162521963183056e-15,-0.1048357265227296
agreeableness,-0.15533934995461962,0.0577290757745966,-0.12264555157833108,-1.5162521963183056e-15,1.0,0.029589093895885394
conscientiousness,-0.059629356799519966,-0.014721796623341159,-0.04214095508554203,-0.1048357265227296,0.029589093895885394,1.0
