,sincerity,fairness,greed_avoidance,modesty,honesty_humility,fearfulness,anxiety,dependence,sentimentality,emotionality,social_self_esteem,social_boldness,sociability,liveliness,extraversion,forgiveness,gentleness,flexibility,patience,agreeableness,organization,diligence,perfectionism,prudence,conscientiousness,aesthetic_appreciation,inquisitiveness,creativity,unconventionality,openness_to_experience
0,1.0922358129547616,0.9107106775947272,0.5995833054875869,0.781886625581215,1.3921052646646797,0.6171126017555837,0.43117802021355905,0.4600960894080836,0.7802863632327611,0.9431574092678209,0.6333083293629407,0.5719606197244473,1.370510679511534,0.5425697574824726,1.4682740299131964,0.521365116792827,0.46540057919515054,0.5537081633578772,0.5575530990121977,0.8285139605335683,1.110033072022906,0.676192701546077,0.8383250149321315,0.5954772252755742,1.3529571255364807,0.6810216261609808,0.9304451504070458,1.0666539711613372,0.9560525970793776,1.4754014992612592
